experiment,mode,size,block_size,keep_percent,mean_ms,sd_ms
block_size,naive,4194304,32,50,3.270576849666667,0.06276786586120786
block_size,efficient,4194304,32,50,1.1463287453333333,0.028416835109693773
block_size,gpu-compact,4194304,32,50,1.6562332823333334,0.019531218088745864
block_size,naive,4194304,64,50,2.6157787673333335,0.04803793832245819
block_size,efficient,4194304,64,50,1.1793056016666665,0.018419884482938537
block_size,gpu-compact,4194304,64,50,1.600218876,0.07602041979512829
block_size,naive,4194304,128,50,2.602862615333333,0.026190390399636294
block_size,efficient,4194304,128,50,1.2047140263333334,0.012913258718858485
block_size,gpu-compact,4194304,128,50,1.5996701863333334,0.013692201385279405
block_size,naive,4194304,256,50,2.631000531333333,0.02944423418017822
block_size,efficient,4194304,256,50,1.2604729626666666,0.11542037766189059
block_size,gpu-compact,4194304,256,50,1.662146348,0.09807758338358759
block_size,naive,4194304,512,50,2.7172219703333336,0.0766984275497119
block_size,efficient,4194304,512,50,1.2887021853333334,0.07330826005993488
block_size,gpu-compact,4194304,512,50,1.6913582886666667,0.10652012145795554
block_size,naive,4194304,1024,50,2.7068055440000003,0.10426587710872835
block_size,efficient,4194304,1024,50,1.3181420806666666,0.10923600586825578
block_size,gpu-compact,4194304,1024,50,1.7090011736666666,0.17342121731678953
array_size,cpu,256,128,50,0.00014566666666666667,2.294195574342636e-05
array_size,naive,256,128,50,0.017745813333333332,0.0007676067215269376
array_size,efficient,256,32,50,0.029282987,0.0005136697639018675
array_size,thrust,256,128,50,0.06540821333333333,0.005136912191475862
array_size,cpu-compact,256,128,50,0.00021333333333333333,8.386497083606084e-06
array_size,cpu-scan-compact,256,128,50,0.0010536666666666667,0.0007660341593775915
array_size,gpu-compact,256,128,50,0.10110368,0.015911983349946073
array_size,cpu,1024,128,50,0.0005386666666666667,6.504101270224296e-05
array_size,naive,1024,128,50,0.022798613333333332,0.0004913433363070397
array_size,efficient,1024,32,50,0.09297578666666667,0.008191720528566227
array_size,thrust,1024,128,50,0.07486624,0.003763429231113561
array_size,cpu-compact,1024,128,50,0.0009836666666666665,0.0001601259920604189
array_size,cpu-scan-compact,1024,128,50,0.0030523333333333335,1.514375558880085e-05
array_size,gpu-compact,1024,128,50,0.09322997400000001,0.0083813604094101
array_size,cpu,4096,128,50,0.0018393333333333332,4.219399641339192e-05
array_size,naive,4096,128,50,0.02589408,0.0001326966344712638
array_size,efficient,4096,32,50,0.09259114633333333,0.012592083684575808
array_size,thrust,4096,128,50,0.06197066700000001,0.013270310359804968
array_size,cpu-compact,4096,128,50,0.004461666666666667,0.00023349589575265167
array_size,cpu-scan-compact,4096,128,50,0.014289333333333333,0.00010278780731844348
array_size,gpu-compact,4096,128,50,0.09892234733333333,0.012776966156016862
array_size,cpu,16384,128,50,0.007346,0.0001025036584712958
array_size,naive,16384,128,50,0.03212064,0.0025240977882800037
array_size,efficient,16384,32,50,0.09256245433333334,0.008194495759406634
array_size,thrust,16384,128,50,0.068883733,0.010602798025809367
array_size,cpu-compact,16384,128,50,0.051379666666666664,0.0006837472729988267
array_size,cpu-scan-compact,16384,128,50,0.06332433333333333,0.0005185290091531333
array_size,gpu-compact,16384,128,50,0.11589792066666667,0.017971140096107462
array_size,cpu,65536,128,50,0.029603333,0.00045558955504598655
array_size,naive,65536,128,50,0.14448501366666666,0.014668605401457917
array_size,efficient,65536,32,50,0.20577802766666667,0.0229754029695458
array_size,thrust,65536,128,50,0.06219264,0.0026455009065203513
array_size,cpu-compact,65536,128,50,0.22180833333333333,0.006005538471555509
array_size,cpu-scan-compact,65536,128,50,0.262548332,0.0020086458952906475
array_size,gpu-compact,65536,128,50,0.21218218633333333,0.0212975558029592
array_size,cpu,262144,128,50,0.11741366566666667,0.001340328815378273
array_size,naive,262144,128,50,0.23117610633333333,0.016482930195899047
array_size,efficient,262144,32,50,0.22385344000000001,0.02396173813911172
array_size,thrust,262144,128,50,0.23425525366666666,0.018973681618384978
array_size,cpu-compact,262144,128,50,0.8863573313333333,0.01735593029126749
array_size,cpu-scan-compact,262144,128,50,1.0880476700000001,0.0782969759615255
array_size,gpu-compact,262144,128,50,0.298252266,0.0132372499671536
array_size,cpu,1048576,128,50,0.5006636656666666,0.017444521689669097
array_size,naive,1048576,128,50,0.7742814943333334,0.028688052857423013
array_size,efficient,1048576,32,50,0.36243050833333335,0.012499596829658233
array_size,thrust,1048576,128,50,0.257287787,0.028836682928372135
array_size,cpu-compact,1048576,128,50,3.5372086646666667,0.036421632624957685
array_size,cpu-scan-compact,1048576,128,50,4.489421664666667,0.09952386015546535
array_size,gpu-compact,1048576,128,50,0.4805498673333333,0.016494237300429693
array_size,cpu,4194304,128,50,2.925326337,0.17979400248767125
array_size,naive,4194304,128,50,3.246827731333333,0.21925811092190942
array_size,efficient,4194304,32,50,1.304053009,0.06415844392113852
array_size,thrust,4194304,128,50,0.354225172,0.028840863421368414
array_size,cpu-compact,4194304,128,50,14.241501986,0.2825911439079541
array_size,cpu-scan-compact,4194304,128,50,20.047445653333334,0.13389053362420034
array_size,gpu-compact,4194304,128,50,1.8210330670000001,0.1804771191665057
keep_percent,cpu-compact,1048576,128,0,0.5374310006666667,0.013852096017859696
keep_percent,cpu-scan-compact,1048576,128,0,1.6112473403333334,0.11416220310051554
keep_percent,gpu-compact,1048576,128,0,0.41799157433333334,0.051917539280349326
keep_percent,cpu-compact,1048576,128,25,2.208121,0.052949335924221394
keep_percent,cpu-scan-compact,1048576,128,25,3.5998363246666667,0.11003057586775178
keep_percent,gpu-compact,1048576,128,25,0.44403317333333336,0.028934831019094866
keep_percent,cpu-compact,1048576,128,50,3.5459883293333334,0.00580777353323459
keep_percent,cpu-scan-compact,1048576,128,50,4.623131982666667,0.24180146254806803
keep_percent,gpu-compact,1048576,128,50,0.45005024033333335,0.05675308257088702
keep_percent,cpu-compact,1048576,128,75,1.976269667,0.01804691933629417
keep_percent,cpu-scan-compact,1048576,128,75,3.2860296613333335,0.11655838423597001
keep_percent,gpu-compact,1048576,128,75,0.42310656,0.04922433930691443
keep_percent,cpu-compact,1048576,128,100,0.54343,0.020305544045900386
keep_percent,cpu-scan-compact,1048576,128,100,2.222712669,0.3021664311038318
keep_percent,gpu-compact,1048576,128,100,0.47299519966666664,0.06612909365563088
padding,naive,1048575,128,50,0.725321706,0.06694317774446833
padding,efficient,1048575,32,50,0.35095104,0.04525059184429748
padding,thrust,1048575,128,50,0.250169066,0.017349355252880935
padding,naive,1048576,128,50,0.751306667,0.07750034671207992
padding,efficient,1048576,32,50,0.37753738733333336,0.06588383084664584
padding,thrust,1048576,128,50,0.25777098666666665,0.026677081134508958
padding,naive,1048577,128,50,0.7487001603333333,0.04033758471042908
padding,efficient,1048577,32,50,0.6713021863333334,0.05887203324708398
padding,thrust,1048577,128,50,0.26385034566666665,0.04900566900975164
